SeqCode,HCDR1,HCDR2,HCDR3,KD
M1,GTIFDTLSM,EFVATIADGSTTYY,AVQYPSYTWYWTYNYWGQG,1.00E-05
M2,GNIFRSRYM,ELVAGIAGGSITNY,AASDWVDPYYDDYYYWGQG,1.00E-05
M3,GYIFYSIAM,ELVASIATGTNTYY,VRWSYYIRLYYWGQGTQVT,1.00E-05
M4,GSIFVSIEM,EFVASIGSGTSTYY,VQRSFESYGYWGHVYWGQG,8.19E-06
M5,GSIFYYTDM,EFVASIGYGGITYY,VQRSFESYGYWGHVYWGQG,1.90E-08
M6,GSISRDPDM,EFVASISGGTTTYY,VQRSFESYGYWGHVYWGQG,1.42E-08
M7,GSIFRWKFM,ELVATISGGASTYY,VSTPTVYWFWYWGQGTQVT,1.00E-05
M8,GNIFQIKYM,EFVAAINDGGTTNY,VGGRNDLVWVWWRPWVYIY,1.00E-05
M9,GNISYTADM,EFVASITWGGTTYY,VQRSFESYGYWGHVYWGQG,1.00E-05
M10,GTIFYYFYM,EFVASINYGASTYY,AESYTSVYYSYWGQGTQVT,1.00E-05
M11,GTIFVWSDM,EFVASIGYGGSTYY,VQRPFESYGYWGHVYWGQG,4.87E-08
M12,GNISPTADM,EFVASISYGASTYY,VQRSFESYGYWGHVYWGQG,1.06E-07
M13,GSISRTADM,EFVAAIAPGAITYY,VQRSFESYGYWGHVYWGQG,4.42E-08
M14,GSIFHDFFM,EFVAGITEGGSTYY,VALKYADYFGYWGQGTQVT,4.16E-07
M15,GTISSQKLM,EFVAAINDGATTNY,AYYDVRGYYWGTFGYWGQG,9.81E-09
M16,GYIFYSIAM,ELVASIATGTNTYY,VTYPIRVSAPYWYGAYHRY,1.00E-05
M17,GSIFHDFFM,EFVAGITEGGSTYY,VALQYADYFGYWGQGTQVT,1.00E-05
M18,GTIFDTYDM,ELVAAITPGANTYY,VTDPWDGRHSYWGQGTQVT,1.00E-05
M19,GYIFQYGSM,ELVAAIGGGGNTYY,VYNRVTRTLYYWGQGTQVT,1.00E-05
M23,GTISYGADM,EFVASIGSGSITYY,VQRSFESYGYWGHVYWGQG,4.68E-08
C1,GSIFWAGYM,EFVAAIDYGANTYY,VDRQPYYRRDNSHLY,6.74E-08
C2,GNISADASM,EFVAAIARGATTYY,VDQYDVTKRYIGHIY,5.98E-08
C3,GNISTLDGM,EFVATIAYGSSTYY,AADYSTIHIQYASYYGHQY,1.00E-05
C4,GYIFNGDYM,EFVASITIGGTTNY,ADSLAGDPRQETHIY,1.00E-05
C5,GNISRYWGM,EFVASINYGTNTYY,VFVEDSPQHGY,1.00E-05
C6,GYISVRPIM,EFVAGITYGTTTYY,VESTYYVPYYY,1.00E-05
C7,GYISVDSLM,ELVATIGYGTNTNY,AGFYYRPWPGGVAHTDYDY,1.00E-05
C8,GTISYYYDM,ELVAAIDDGGTTYY,VTDPWDGRHSY,1.00E-05
F1,GNISYTADM,EFVAGIGDGGITNY,VQRSFESYGYWGHVYWGQG,1.00E-05
F2,GTIFASGSM,EFVAAITWGGNTYY,VDWRYGGQRYHRHIYWGQG,1.00E-05
F3,GNIFGDFAM,ELVASIGVGSSTYY,ADDEYNWAHVYWGQGTQVT,1.00E-05
F4,GTIFAGDEM,EFVAGINNGSITNY,VYYQASDDGPKALLYWGQG,1.00E-05
F5,GSISKYLFM,EFVAAINRGGSTYY,VSGYRKGYNKRFSYWGQGT,1.00E-05
F6,GTISVFWDM,EFVAGIGDGGTTNY,VDYVSGPSFIYWGQGTQVT,1.00E-05
F7,GTIFGRYIM,ELVAAIGNGATTYY,AYQSYRRKHYYWGQGTQVT,1.00E-05
F8,GNISYTADM,EFVASINTGGSTYY,VQRSFESYGYWGHVYWGQG,5.93E-08
F9,GNISYTADM,EFVASIGRGTTYYA,VQRSFESYGYWGHVYWGQG,3.89E-07
F10,GNISYTADM,EFVASINYGASTYY,VQRSFESYGYWGHVYWGQG,1.00E-05